{city: Pittsburgh, timestamp: 2026-09-29 03:49:00, temperature_f: 64}
{city: Pittsburgh, timestamp: 2026-09-29 03:49:00, temperature_f: 64}
{city: Minya, timestamp: 2026-09-29 03:49:00, temperature_f: 95}
{city: Pittsburgh, timestamp: 2026-09-29 03:49:00, temperature_f: 64}
{city: Charlotte, timestamp: 2026-09-29 03:49:00, temperature_f: 71}
{city: Minya, timestamp: 2026-09-29 03:49:00, temperature_f: 95}
{city: Charlotte, timestamp: 2026-09-29 03:49:00, temperature_f: 71}
{city: Minya, timestamp: 2026-09-29 03:49:00, temperature_f: 95}
{city: Charlotte, timestamp: 2026-09-29 03:49:00, temperature_f: 71}
{city: Charlotte, timestamp: 2026-09-29 03:49:00, temperature_f: 71}
{city: Minya, timestamp: 2026-09-29 03:58:14, temperature_f: 95}
{city: Pittsburgh, timestamp: 2026-09-29 03:58:14, temperature_f: 64}
{city: Pittsburgh, timestamp: 2026-09-29 03:58:14, temperature_f: 64}
{city: Charlotte, timestamp: 2026-09-29 03:58:14, temperature_f: 71}
{city: Charlotte, timestamp: 2026-09-29 03:58:14, temperature_f: 71}
{city: Pittsburgh, timestamp: 2026-09-29 03:58:14, temperature_f: 64}
{city: Charlotte, timestamp: 2026-09-29 03:58:14, temperature_f: 71}
{city: Minya, timestamp: 2026-09-29 03:58:14, temperature_f: 95}
{city: Pittsburgh, timestamp: 2026-09-29 03:58:14, temperature_f: 64}
{city: Charlotte, timestamp: 2026-09-29 03:58:14, temperature_f: 71}
